{
 "5V27": {
  "reflMult": 0.10400000214576721191,
  "reflAdd": 0.0,
  "specMult": -0.4120000004768371582,
  "specAdd": 0.33199998736381530762,
  "specSelect": 0,
  "albedoLevel": 0.0,
  "albedoContrast": 0.95399999618530273438
 }
}
